{
    "services": {
        "tokenService": {
            "url": "http://token_ip:7010/api/v1/token",
            "requiresAuthToken": false
        },
        "userService": {
            "url": "http://user_ip:7020/api/v1/user",
            "requiresAuthToken": true
        },
        "activityService": {
            "url": "http://activity_ip:7030/api/v1/activity",
            "requiresAuthToken": true
        },
        "foodService": {
            "url": "http://food_ip:7040/api/v1/food",
            "requiresAuthToken": false
        },
        "mealService": {
            "url": "http://food_ip:7050/api/v1/meal",
            "requiresAuthToken": false
        }
    },
    "usecases": [
        {
            "id": "dbtc",
            "name": "Death by 1000 cuts #1",
            "description": "Death by 1000 cuts on DataEngine Get Activities By User ID.",
            "active": false
        },
        {
            "id": "event_loop_stall",
            "name": "Node.js event loop stall",
            "description": "Event loop stall on Node.js foodservice.",
            "active": false
        },
        {
            "id": "cicsEnabled",
            "name": "Send CICS Audit Message",
            "description": "Creates an audit message via CTGClient.",
            "active": false
        },
        {
            "id": "slowMethod",
            "name": "trigger slow Activity",
            "description": "Slows down activity server getByUser",
            "active": false
        },
        {
            "id": "brokenBuild",
            "name": "trigger a null pointer exception in getActivities.",
            "description": "causes getActivities to break as long as this flag is set.",
            "active": false
        },
        {
            "id": "newRelease",
            "name": "changes the content of the release file when getActivities is called.",
            "description": "used for breaking release scenario",
            "active": false
        },
        {
            "id": "leakALittle",
            "name": "leak 100k per request",
            "description": "a slow leak to show usefulness of LeakHunter.",
            "active": false
        },
        {
            "id": "resetLeak",
            "name": "clear memory leaks",
            "description": "clears the memory leaks caused by leakALot and leakaLittle",
            "active": false
        },
        {
            "id": "leakALot",
            "name": "leak 1M per request",
            "description": "a fast leak to simulate OOM",
            "active": false
        },
        {
            "id": "slowQueue",
            "name": "JMS Slowdown",
            "description": "Slows JMS Listener down by 30s+/-500ms",
            "active": false
        },
        {
            "id": "fullQueue",
            "name": "Full Queue Exception ",
            "description": "throws a JMS Exception indicating full queue.",
            "active": false
        },
        {
            "id": "burnCPU",
            "name": "Burn CPU ",
            "description": "spawns a bunch of threads that burn CPU for 30 seconds on Activity get / add",
            "active": false
        }
        
    ]
}
